Case,Time
a,0.084440
b,0.470347
c,0.347945
d,1.896351
e,1.874231