Case,Time
a,0.260000
b,1.150000
c,0.930000
d,4.720000
e,3.280000